{"cameraMode":{"drawMode":0,"name":"Shaded","section":"Shading Mode"},"sceneLighting":true,"audioPlay":false,"sceneViewState":{"showFog":true,"showMaterialUpdate":false,"showSkybox":false,"showFlares":true,"showImageEffects":true,"showParticleSystems":true},"in2DMode":false,"pivot":{"x":30.024127960205079,"y":13.538080215454102,"z":-42.744384765625},"rotation":{"x":0.4707724153995514,"y":-0.031218817457556726,"z":0.01667165756225586,"w":0.8815445899963379},"size":31.535696029663087,"orthographic":false}