{"cameraMode":{"drawMode":0,"name":"Shaded","section":"Shading Mode"},"sceneLighting":false,"audioPlay":false,"sceneViewState":{"showFog":true,"showMaterialUpdate":false,"showSkybox":false,"showFlares":true,"showImageEffects":true,"showParticleSystems":true},"in2DMode":false,"pivot":{"x":23.584699630737306,"y":-4.191434860229492,"z":24.07185935974121},"rotation":{"x":-0.09057354182004929,"y":-0.674763023853302,"z":0.08399758487939835,"w":-0.7276233434677124},"size":25.250015258789064,"orthographic":false}