{"cameraMode":{"drawMode":0,"name":"Shaded","section":"Shading Mode"},"sceneLighting":true,"audioPlay":false,"sceneViewState":{"showFog":true,"showMaterialUpdate":false,"showSkybox":false,"showFlares":true,"showImageEffects":true,"showParticleSystems":true},"in2DMode":false,"pivot":{"x":1.939589023590088,"y":0.5243159532546997,"z":68.22733306884766},"rotation":{"x":-0.013514772988855839,"y":0.0192913506180048,"z":-0.00026075763162225485,"w":-0.9997225403785706},"size":72.90719604492188,"orthographic":false}