{"cameraMode":{"drawMode":0,"name":"Shaded","section":"Shading Mode"},"sceneLighting":true,"audioPlay":false,"sceneViewState":{"showFog":true,"showMaterialUpdate":false,"showSkybox":false,"showFlares":true,"showImageEffects":true,"showParticleSystems":true},"in2DMode":false,"pivot":{"x":5.7467546463012699,"y":0.44742119312286379,"z":0.2580788731575012},"rotation":{"x":-0.05518210679292679,"y":-0.43999144434928896,"z":0.02710137329995632,"w":-0.8958950638771057},"size":23.681133270263673,"orthographic":false}