{"cameraMode":{"drawMode":0,"name":"Shaded","section":"Shading Mode"},"sceneLighting":true,"audioPlay":false,"sceneViewState":{"showFog":true,"showMaterialUpdate":false,"showSkybox":false,"showFlares":true,"showImageEffects":true,"showParticleSystems":true},"in2DMode":false,"pivot":{"x":-7.670932769775391,"y":10.066057205200196,"z":51.80630874633789},"rotation":{"x":0.09776346385478974,"y":0.871155858039856,"z":-0.19327527284622193,"w":0.44065234065055849},"size":0.17946535348892213,"orthographic":false}