{"cameraMode":{"drawMode":0,"name":"Shaded","section":"Shading Mode"},"sceneLighting":true,"audioPlay":false,"sceneViewState":{"showFog":true,"showMaterialUpdate":false,"showSkybox":false,"showFlares":true,"showImageEffects":true,"showParticleSystems":true},"in2DMode":false,"pivot":{"x":-38.601890563964847,"y":373.56866455078127,"z":-805.5693359375},"rotation":{"x":0.09534145891666413,"y":-0.8819203972816467,"z":0.2027198076248169,"w":0.41476646065711977},"size":187.43533325195313,"orthographic":false}