{"cameraMode":{"drawMode":0,"name":"Shaded","section":"Shading Mode"},"sceneLighting":true,"audioPlay":false,"sceneViewState":{"showFog":true,"showMaterialUpdate":false,"showSkybox":false,"showFlares":true,"showImageEffects":true,"showParticleSystems":true},"in2DMode":false,"pivot":{"x":107.4703369140625,"y":-3.2339956760406496,"z":63.652503967285159},"rotation":{"x":-0.019219890236854554,"y":-0.5210761427879334,"z":0.011737560853362084,"w":-0.8532130718231201},"size":108.12761688232422,"orthographic":false}