{"cameraMode":{"drawMode":0,"name":"Shaded","section":"Shading Mode"},"sceneLighting":true,"audioPlay":false,"sceneViewState":{"showFog":true,"showMaterialUpdate":false,"showSkybox":false,"showFlares":true,"showImageEffects":true,"showParticleSystems":true},"in2DMode":false,"pivot":{"x":22.87479591369629,"y":-20.98023223876953,"z":-9.571269989013672},"rotation":{"x":0.5154220461845398,"y":0.0028161508962512018,"z":-0.00169377401471138,"w":0.856930136680603},"size":95.36489868164063,"orthographic":false}